<?xml version="1.0"?>
<doc>
    <assembly>
        <name>All.2.0.0.0.Fakes</name>
    </assembly>
    <members>
        <member name="T:LearningMachine.Fakes.ShimBit">
            <summary>Shim type of LearningMachine.Bit</summary>
        </member>
        <member name="M:LearningMachine.Fakes.ShimBit.#ctor">
            <summary>Initializes a new shim instance</summary>
        </member>
        <member name="M:LearningMachine.Fakes.ShimBit.#ctor(LearningMachine.Bit)">
            <summary>Initializes a new shim for the given instance</summary>
        </member>
        <member name="T:LearningMachine.Fakes.ShimBit.AllInstances">
            <summary>Define shims for all instances members</summary>
        </member>
        <member name="P:LearningMachine.Fakes.ShimBit.AllInstances.GetBits">
            <summary>Sets the shim of Bit.GetBits()</summary>
        </member>
        <member name="P:LearningMachine.Fakes.ShimBit.AllInstances.IsOneOne">
            <summary>Sets the shim of Bit.IsOneOne()</summary>
        </member>
        <member name="P:LearningMachine.Fakes.ShimBit.AllInstances.IsOneZero">
            <summary>Sets the shim of Bit.IsOneZero()</summary>
        </member>
        <member name="P:LearningMachine.Fakes.ShimBit.AllInstances.IsZeroOne">
            <summary>Sets the shim of Bit.IsZeroOne()</summary>
        </member>
        <member name="P:LearningMachine.Fakes.ShimBit.AllInstances.IsZeroZero">
            <summary>Sets the shim of Bit.IsZeroZero()</summary>
        </member>
        <member name="P:LearningMachine.Fakes.ShimBit.AllInstances.SetOneOne">
            <summary>Sets the shim of Bit.SetOneOne()</summary>
        </member>
        <member name="P:LearningMachine.Fakes.ShimBit.AllInstances.SetOneZero">
            <summary>Sets the shim of Bit.SetOneZero()</summary>
        </member>
        <member name="P:LearningMachine.Fakes.ShimBit.AllInstances.SetZeroOne">
            <summary>Sets the shim of Bit.SetZeroOne()</summary>
        </member>
        <member name="P:LearningMachine.Fakes.ShimBit.AllInstances.SetZeroZero">
            <summary>Sets the shim of Bit.SetZeroZero()</summary>
        </member>
        <member name="M:LearningMachine.Fakes.ShimBit.BehaveAsCurrent">
            <summary>Assigns the &apos;Current&apos; behavior for all methods of the shimmed type</summary>
        </member>
        <member name="M:LearningMachine.Fakes.ShimBit.BehaveAsNotImplemented">
            <summary>Assigns the &apos;NotImplemented&apos; behavior for all methods of the shimmed type</summary>
        </member>
        <member name="P:LearningMachine.Fakes.ShimBit.Behavior">
            <summary>Assigns the behavior for all methods of the shimmed type</summary>
        </member>
        <member name="P:LearningMachine.Fakes.ShimBit.Constructor">
            <summary>Sets the shim of Bit.Bit()</summary>
        </member>
        <member name="P:LearningMachine.Fakes.ShimBit.GetBits">
            <summary>Sets the shim of Bit.GetBits()</summary>
        </member>
        <member name="P:LearningMachine.Fakes.ShimBit.IsOneOne">
            <summary>Sets the shim of Bit.IsOneOne()</summary>
        </member>
        <member name="P:LearningMachine.Fakes.ShimBit.IsOneZero">
            <summary>Sets the shim of Bit.IsOneZero()</summary>
        </member>
        <member name="P:LearningMachine.Fakes.ShimBit.IsZeroOne">
            <summary>Sets the shim of Bit.IsZeroOne()</summary>
        </member>
        <member name="P:LearningMachine.Fakes.ShimBit.IsZeroZero">
            <summary>Sets the shim of Bit.IsZeroZero()</summary>
        </member>
        <member name="P:LearningMachine.Fakes.ShimBit.SetOneOne">
            <summary>Sets the shim of Bit.SetOneOne()</summary>
        </member>
        <member name="P:LearningMachine.Fakes.ShimBit.SetOneZero">
            <summary>Sets the shim of Bit.SetOneZero()</summary>
        </member>
        <member name="P:LearningMachine.Fakes.ShimBit.SetZeroOne">
            <summary>Sets the shim of Bit.SetZeroOne()</summary>
        </member>
        <member name="P:LearningMachine.Fakes.ShimBit.SetZeroZero">
            <summary>Sets the shim of Bit.SetZeroZero()</summary>
        </member>
        <member name="T:LearningMachine.Fakes.ShimLearningKrinskyAtamata">
            <summary>Shim type of LearningMachine.LearningKrinskyAtamata</summary>
        </member>
        <member name="M:LearningMachine.Fakes.ShimLearningKrinskyAtamata.#ctor">
            <summary>Initializes a new shim instance</summary>
        </member>
        <member name="M:LearningMachine.Fakes.ShimLearningKrinskyAtamata.#ctor(LearningMachine.LearningKrinskyAtamata)">
            <summary>Initializes a new shim for the given instance</summary>
        </member>
        <member name="T:LearningMachine.Fakes.ShimLearningKrinskyAtamata.AllInstances">
            <summary>Define shims for all instances members</summary>
        </member>
        <member name="P:LearningMachine.Fakes.ShimLearningKrinskyAtamata.AllInstances.CloneQuantumAtamataRef">
            <summary>Sets the shim of LearningKrinskyAtamata.Clone(QuantumAtamata&amp; AA)</summary>
        </member>
        <member name="P:LearningMachine.Fakes.ShimLearningKrinskyAtamata.AllInstances.FailureState">
            <summary>Sets the shim of LearningKrinskyAtamata.FailureState()</summary>
        </member>
        <member name="P:LearningMachine.Fakes.ShimLearningKrinskyAtamata.AllInstances.Initiate">
            <summary>Sets the shim of LearningKrinskyAtamata.Initiate()</summary>
        </member>
        <member name="P:LearningMachine.Fakes.ShimLearningKrinskyAtamata.AllInstances.IsPenaltyAction">
            <summary>Sets the shim of LearningKrinskyAtamata.IsPenaltyAction()</summary>
        </member>
        <member name="P:LearningMachine.Fakes.ShimLearningKrinskyAtamata.AllInstances.IsRewardAction">
            <summary>Sets the shim of LearningKrinskyAtamata.IsRewardAction()</summary>
        </member>
        <member name="P:LearningMachine.Fakes.ShimLearningKrinskyAtamata.AllInstances.IsSecondDerivitionIsPositive">
            <summary>Sets the shim of LearningKrinskyAtamata.IsSecondDerivitionIsPositive()</summary>
        </member>
        <member name="P:LearningMachine.Fakes.ShimLearningKrinskyAtamata.AllInstances.LearningAlgorithmPenalty">
            <summary>Sets the shim of LearningKrinskyAtamata.LearningAlgorithmPenalty()</summary>
        </member>
        <member name="P:LearningMachine.Fakes.ShimLearningKrinskyAtamata.AllInstances.LearningAlgorithmRegard">
            <summary>Sets the shim of LearningKrinskyAtamata.LearningAlgorithmRegard()</summary>
        </member>
        <member name="P:LearningMachine.Fakes.ShimLearningKrinskyAtamata.AllInstances.SuccessState">
            <summary>Sets the shim of LearningKrinskyAtamata.SuccessState()</summary>
        </member>
        <member name="M:LearningMachine.Fakes.ShimLearningKrinskyAtamata.BehaveAsCurrent">
            <summary>Assigns the &apos;Current&apos; behavior for all methods of the shimmed type</summary>
        </member>
        <member name="M:LearningMachine.Fakes.ShimLearningKrinskyAtamata.BehaveAsNotImplemented">
            <summary>Assigns the &apos;NotImplemented&apos; behavior for all methods of the shimmed type</summary>
        </member>
        <member name="P:LearningMachine.Fakes.ShimLearningKrinskyAtamata.Behavior">
            <summary>Assigns the behavior for all methods of the shimmed type</summary>
        </member>
        <member name="P:LearningMachine.Fakes.ShimLearningKrinskyAtamata.CloneQuantumAtamataRef">
            <summary>Sets the shim of LearningKrinskyAtamata.Clone(QuantumAtamata&amp; AA)</summary>
        </member>
        <member name="P:LearningMachine.Fakes.ShimLearningKrinskyAtamata.ConstructorInt32Int32Int32">
            <summary>Sets the shim of LearningKrinskyAtamata.LearningKrinskyAtamata(Int32 r0, Int32 m0, Int32 k0)</summary>
        </member>
        <member name="P:LearningMachine.Fakes.ShimLearningKrinskyAtamata.FailureState">
            <summary>Sets the shim of LearningKrinskyAtamata.FailureState()</summary>
        </member>
        <member name="P:LearningMachine.Fakes.ShimLearningKrinskyAtamata.Initiate">
            <summary>Sets the shim of LearningKrinskyAtamata.Initiate()</summary>
        </member>
        <member name="P:LearningMachine.Fakes.ShimLearningKrinskyAtamata.IsPenaltyAction">
            <summary>Sets the shim of LearningKrinskyAtamata.IsPenaltyAction()</summary>
        </member>
        <member name="P:LearningMachine.Fakes.ShimLearningKrinskyAtamata.IsRewardAction">
            <summary>Sets the shim of LearningKrinskyAtamata.IsRewardAction()</summary>
        </member>
        <member name="P:LearningMachine.Fakes.ShimLearningKrinskyAtamata.IsSecondDerivitionIsPositive">
            <summary>Sets the shim of LearningKrinskyAtamata.IsSecondDerivitionIsPositive()</summary>
        </member>
        <member name="P:LearningMachine.Fakes.ShimLearningKrinskyAtamata.LearningAlgorithmPenalty">
            <summary>Sets the shim of LearningKrinskyAtamata.LearningAlgorithmPenalty()</summary>
        </member>
        <member name="P:LearningMachine.Fakes.ShimLearningKrinskyAtamata.LearningAlgorithmRegard">
            <summary>Sets the shim of LearningKrinskyAtamata.LearningAlgorithmRegard()</summary>
        </member>
        <member name="P:LearningMachine.Fakes.ShimLearningKrinskyAtamata.SuccessState">
            <summary>Sets the shim of LearningKrinskyAtamata.SuccessState()</summary>
        </member>
        <member name="T:LearningMachine.Fakes.ShimNetworkQuantumLearningKrinskyAtamata">
            <summary>Shim type of LearningMachine.NetworkQuantumLearningKrinskyAtamata</summary>
        </member>
        <member name="M:LearningMachine.Fakes.ShimNetworkQuantumLearningKrinskyAtamata.#ctor">
            <summary>Initializes a new shim instance</summary>
        </member>
        <member name="M:LearningMachine.Fakes.ShimNetworkQuantumLearningKrinskyAtamata.#ctor(LearningMachine.NetworkQuantumLearningKrinskyAtamata)">
            <summary>Initializes a new shim for the given instance</summary>
        </member>
        <member name="T:LearningMachine.Fakes.ShimNetworkQuantumLearningKrinskyAtamata.AllInstances">
            <summary>Define shims for all instances members</summary>
        </member>
        <member name="P:LearningMachine.Fakes.ShimNetworkQuantumLearningKrinskyAtamata.AllInstances.IsPenaltyActionNetInt32Int32">
            <summary>Sets the shim of NetworkQuantumLearningKrinskyAtamata.IsPenaltyActionNet(Int32 Row, Int32 Column)</summary>
        </member>
        <member name="P:LearningMachine.Fakes.ShimNetworkQuantumLearningKrinskyAtamata.AllInstances.IsRewardActionNetInt32Int32">
            <summary>Sets the shim of NetworkQuantumLearningKrinskyAtamata.IsRewardActionNet(Int32 Row, Int32 Column)</summary>
        </member>
        <member name="P:LearningMachine.Fakes.ShimNetworkQuantumLearningKrinskyAtamata.AllInstances.LearingValueInt32Int32">
            <summary>Sets the shim of NetworkQuantumLearningKrinskyAtamata.LearingValue(Int32 Row, Int32 Column)</summary>
        </member>
        <member name="P:LearningMachine.Fakes.ShimNetworkQuantumLearningKrinskyAtamata.AllInstances.LearningAlgorithmPenaltyNetInt32Int32">
            <summary>Sets the shim of NetworkQuantumLearningKrinskyAtamata.LearningAlgorithmPenaltyNet(Int32 Row, Int32 Column)</summary>
        </member>
        <member name="P:LearningMachine.Fakes.ShimNetworkQuantumLearningKrinskyAtamata.AllInstances.LearningAlgorithmRegardNetInt32Int32">
            <summary>Sets the shim of NetworkQuantumLearningKrinskyAtamata.LearningAlgorithmRegardNet(Int32 Row, Int32 Column)</summary>
        </member>
        <member name="M:LearningMachine.Fakes.ShimNetworkQuantumLearningKrinskyAtamata.BehaveAsCurrent">
            <summary>Assigns the &apos;Current&apos; behavior for all methods of the shimmed type</summary>
        </member>
        <member name="M:LearningMachine.Fakes.ShimNetworkQuantumLearningKrinskyAtamata.BehaveAsNotImplemented">
            <summary>Assigns the &apos;NotImplemented&apos; behavior for all methods of the shimmed type</summary>
        </member>
        <member name="P:LearningMachine.Fakes.ShimNetworkQuantumLearningKrinskyAtamata.Behavior">
            <summary>Assigns the behavior for all methods of the shimmed type</summary>
        </member>
        <member name="P:LearningMachine.Fakes.ShimNetworkQuantumLearningKrinskyAtamata.ConstructorInt32Int32Int32">
            <summary>Sets the shim of NetworkQuantumLearningKrinskyAtamata.NetworkQuantumLearningKrinskyAtamata(Int32 r0, Int32 m0, Int32 k0)</summary>
        </member>
        <member name="P:LearningMachine.Fakes.ShimNetworkQuantumLearningKrinskyAtamata.IsPenaltyActionNetInt32Int32">
            <summary>Sets the shim of NetworkQuantumLearningKrinskyAtamata.IsPenaltyActionNet(Int32 Row, Int32 Column)</summary>
        </member>
        <member name="P:LearningMachine.Fakes.ShimNetworkQuantumLearningKrinskyAtamata.IsRewardActionNetInt32Int32">
            <summary>Sets the shim of NetworkQuantumLearningKrinskyAtamata.IsRewardActionNet(Int32 Row, Int32 Column)</summary>
        </member>
        <member name="P:LearningMachine.Fakes.ShimNetworkQuantumLearningKrinskyAtamata.LearingValueInt32Int32">
            <summary>Sets the shim of NetworkQuantumLearningKrinskyAtamata.LearingValue(Int32 Row, Int32 Column)</summary>
        </member>
        <member name="P:LearningMachine.Fakes.ShimNetworkQuantumLearningKrinskyAtamata.LearningAlgorithmPenaltyNetInt32Int32">
            <summary>Sets the shim of NetworkQuantumLearningKrinskyAtamata.LearningAlgorithmPenaltyNet(Int32 Row, Int32 Column)</summary>
        </member>
        <member name="P:LearningMachine.Fakes.ShimNetworkQuantumLearningKrinskyAtamata.LearningAlgorithmRegardNetInt32Int32">
            <summary>Sets the shim of NetworkQuantumLearningKrinskyAtamata.LearningAlgorithmRegardNet(Int32 Row, Int32 Column)</summary>
        </member>
        <member name="P:LearningMachine.Fakes.ShimNetworkQuantumLearningKrinskyAtamata.LogException">
            <summary>Sets the shim of NetworkQuantumLearningKrinskyAtamata.Log(Exception ex)</summary>
        </member>
        <member name="P:LearningMachine.Fakes.ShimNetworkQuantumLearningKrinskyAtamata.StaticConstructor">
            <summary>Sets the shim of NetworkQuantumLearningKrinskyAtamata.NetworkQuantumLearningKrinskyAtamata()</summary>
        </member>
        <member name="T:LearningMachine.Fakes.ShimQuantumAtamata">
            <summary>Shim type of LearningMachine.QuantumAtamata</summary>
        </member>
        <member name="M:LearningMachine.Fakes.ShimQuantumAtamata.#ctor">
            <summary>Initializes a new shim instance</summary>
        </member>
        <member name="M:LearningMachine.Fakes.ShimQuantumAtamata.#ctor(LearningMachine.QuantumAtamata)">
            <summary>Initializes a new shim for the given instance</summary>
        </member>
        <member name="T:LearningMachine.Fakes.ShimQuantumAtamata.AllInstances">
            <summary>Define shims for all instances members</summary>
        </member>
        <member name="P:LearningMachine.Fakes.ShimQuantumAtamata.AllInstances.CurrenStateInitialize">
            <summary>Sets the shim of QuantumAtamata.CurrenStateInitialize()</summary>
        </member>
        <member name="P:LearningMachine.Fakes.ShimQuantumAtamata.AllInstances.FirstAtamataState">
            <summary>Sets the shim of QuantumAtamata.FirstAtamataState()</summary>
        </member>
        <member name="P:LearningMachine.Fakes.ShimQuantumAtamata.AllInstances.SecondAtamataState">
            <summary>Sets the shim of QuantumAtamata.SecondAtamataState()</summary>
        </member>
        <member name="P:LearningMachine.Fakes.ShimQuantumAtamata.AllInstances.ThirdAtamataState">
            <summary>Sets the shim of QuantumAtamata.ThirdAtamataState()</summary>
        </member>
        <member name="M:LearningMachine.Fakes.ShimQuantumAtamata.BehaveAsCurrent">
            <summary>Assigns the &apos;Current&apos; behavior for all methods of the shimmed type</summary>
        </member>
        <member name="M:LearningMachine.Fakes.ShimQuantumAtamata.BehaveAsNotImplemented">
            <summary>Assigns the &apos;NotImplemented&apos; behavior for all methods of the shimmed type</summary>
        </member>
        <member name="P:LearningMachine.Fakes.ShimQuantumAtamata.Behavior">
            <summary>Assigns the behavior for all methods of the shimmed type</summary>
        </member>
        <member name="P:LearningMachine.Fakes.ShimQuantumAtamata.ConstructorInt32Int32Int32">
            <summary>Sets the shim of QuantumAtamata.QuantumAtamata(Int32 r0, Int32 m0, Int32 k0)</summary>
        </member>
        <member name="P:LearningMachine.Fakes.ShimQuantumAtamata.CurrenStateInitialize">
            <summary>Sets the shim of QuantumAtamata.CurrenStateInitialize()</summary>
        </member>
        <member name="P:LearningMachine.Fakes.ShimQuantumAtamata.FirstAtamataState">
            <summary>Sets the shim of QuantumAtamata.FirstAtamataState()</summary>
        </member>
        <member name="P:LearningMachine.Fakes.ShimQuantumAtamata.SecondAtamataState">
            <summary>Sets the shim of QuantumAtamata.SecondAtamataState()</summary>
        </member>
        <member name="P:LearningMachine.Fakes.ShimQuantumAtamata.ThirdAtamataState">
            <summary>Sets the shim of QuantumAtamata.ThirdAtamataState()</summary>
        </member>
        <member name="T:LearningMachine.Fakes.ShimQuantumLearningKrinskyAtamata">
            <summary>Shim type of LearningMachine.QuantumLearningKrinskyAtamata</summary>
        </member>
        <member name="M:LearningMachine.Fakes.ShimQuantumLearningKrinskyAtamata.#ctor">
            <summary>Initializes a new shim instance</summary>
        </member>
        <member name="M:LearningMachine.Fakes.ShimQuantumLearningKrinskyAtamata.#ctor(LearningMachine.QuantumLearningKrinskyAtamata)">
            <summary>Initializes a new shim for the given instance</summary>
        </member>
        <member name="T:LearningMachine.Fakes.ShimQuantumLearningKrinskyAtamata.AllInstances">
            <summary>Define shims for all instances members</summary>
        </member>
        <member name="M:LearningMachine.Fakes.ShimQuantumLearningKrinskyAtamata.BehaveAsCurrent">
            <summary>Assigns the &apos;Current&apos; behavior for all methods of the shimmed type</summary>
        </member>
        <member name="M:LearningMachine.Fakes.ShimQuantumLearningKrinskyAtamata.BehaveAsNotImplemented">
            <summary>Assigns the &apos;NotImplemented&apos; behavior for all methods of the shimmed type</summary>
        </member>
        <member name="P:LearningMachine.Fakes.ShimQuantumLearningKrinskyAtamata.Behavior">
            <summary>Assigns the behavior for all methods of the shimmed type</summary>
        </member>
        <member name="P:LearningMachine.Fakes.ShimQuantumLearningKrinskyAtamata.ConstructorInt32Int32Int32Double">
            <summary>Sets the shim of QuantumLearningKrinskyAtamata.QuantumLearningKrinskyAtamata(Int32 r0, Int32 m0, Int32 k0, Double Alpha0)</summary>
        </member>
        <member name="T:LearningMachine.Fakes.StubBit">
            <summary>Stub type of LearningMachine.Bit</summary>
        </member>
        <member name="M:LearningMachine.Fakes.StubBit.#ctor">
            <summary>Initializes a new instance</summary>
        </member>
        <member name="P:LearningMachine.Fakes.StubBit.CallBase">
            <summary>Gets or sets a value that indicates if the base method should be called instead of the fallback behavior</summary>
        </member>
        <member name="M:LearningMachine.Fakes.StubBit.InitializeStub">
            <summary>Initializes a new instance of type StubBit</summary>
        </member>
        <member name="P:LearningMachine.Fakes.StubBit.InstanceBehavior">
            <summary>Gets or sets the instance behavior.</summary>
        </member>
        <member name="P:LearningMachine.Fakes.StubBit.InstanceObserver">
            <summary>Gets or sets the instance observer.</summary>
        </member>
        <member name="T:LearningMachine.Fakes.StubLearningKrinskyAtamata">
            <summary>Stub type of LearningMachine.LearningKrinskyAtamata</summary>
        </member>
        <member name="M:LearningMachine.Fakes.StubLearningKrinskyAtamata.#ctor(System.Int32,System.Int32,System.Int32)">
            <summary>Initializes a new instance</summary>
        </member>
        <member name="P:LearningMachine.Fakes.StubLearningKrinskyAtamata.CallBase">
            <summary>Gets or sets a value that indicates if the base method should be called instead of the fallback behavior</summary>
        </member>
        <member name="M:LearningMachine.Fakes.StubLearningKrinskyAtamata.InitializeStub">
            <summary>Initializes a new instance of type StubLearningKrinskyAtamata</summary>
        </member>
        <member name="P:LearningMachine.Fakes.StubLearningKrinskyAtamata.InstanceBehavior">
            <summary>Gets or sets the instance behavior.</summary>
        </member>
        <member name="P:LearningMachine.Fakes.StubLearningKrinskyAtamata.InstanceObserver">
            <summary>Gets or sets the instance observer.</summary>
        </member>
        <member name="T:LearningMachine.Fakes.StubNetworkQuantumLearningKrinskyAtamata">
            <summary>Stub type of LearningMachine.NetworkQuantumLearningKrinskyAtamata</summary>
        </member>
        <member name="M:LearningMachine.Fakes.StubNetworkQuantumLearningKrinskyAtamata.#ctor(System.Int32,System.Int32,System.Int32)">
            <summary>Initializes a new instance</summary>
        </member>
        <member name="P:LearningMachine.Fakes.StubNetworkQuantumLearningKrinskyAtamata.CallBase">
            <summary>Gets or sets a value that indicates if the base method should be called instead of the fallback behavior</summary>
        </member>
        <member name="M:LearningMachine.Fakes.StubNetworkQuantumLearningKrinskyAtamata.InitializeStub">
            <summary>Initializes a new instance of type StubNetworkQuantumLearningKrinskyAtamata</summary>
        </member>
        <member name="P:LearningMachine.Fakes.StubNetworkQuantumLearningKrinskyAtamata.InstanceBehavior">
            <summary>Gets or sets the instance behavior.</summary>
        </member>
        <member name="P:LearningMachine.Fakes.StubNetworkQuantumLearningKrinskyAtamata.InstanceObserver">
            <summary>Gets or sets the instance observer.</summary>
        </member>
        <member name="T:LearningMachine.Fakes.StubQuantumAtamata">
            <summary>Stub type of LearningMachine.QuantumAtamata</summary>
        </member>
        <member name="M:LearningMachine.Fakes.StubQuantumAtamata.#ctor(System.Int32,System.Int32,System.Int32)">
            <summary>Initializes a new instance</summary>
        </member>
        <member name="P:LearningMachine.Fakes.StubQuantumAtamata.CallBase">
            <summary>Gets or sets a value that indicates if the base method should be called instead of the fallback behavior</summary>
        </member>
        <member name="M:LearningMachine.Fakes.StubQuantumAtamata.InitializeStub">
            <summary>Initializes a new instance of type StubQuantumAtamata</summary>
        </member>
        <member name="P:LearningMachine.Fakes.StubQuantumAtamata.InstanceBehavior">
            <summary>Gets or sets the instance behavior.</summary>
        </member>
        <member name="P:LearningMachine.Fakes.StubQuantumAtamata.InstanceObserver">
            <summary>Gets or sets the instance observer.</summary>
        </member>
        <member name="T:LearningMachine.Fakes.StubQuantumLearningKrinskyAtamata">
            <summary>Stub type of LearningMachine.QuantumLearningKrinskyAtamata</summary>
        </member>
        <member name="M:LearningMachine.Fakes.StubQuantumLearningKrinskyAtamata.#ctor(System.Int32,System.Int32,System.Int32,System.Double)">
            <summary>Initializes a new instance</summary>
        </member>
        <member name="P:LearningMachine.Fakes.StubQuantumLearningKrinskyAtamata.CallBase">
            <summary>Gets or sets a value that indicates if the base method should be called instead of the fallback behavior</summary>
        </member>
        <member name="M:LearningMachine.Fakes.StubQuantumLearningKrinskyAtamata.InitializeStub">
            <summary>Initializes a new instance of type StubQuantumLearningKrinskyAtamata</summary>
        </member>
        <member name="P:LearningMachine.Fakes.StubQuantumLearningKrinskyAtamata.InstanceBehavior">
            <summary>Gets or sets the instance behavior.</summary>
        </member>
        <member name="P:LearningMachine.Fakes.StubQuantumLearningKrinskyAtamata.InstanceObserver">
            <summary>Gets or sets the instance observer.</summary>
        </member>
    </members>
</doc>
