<?xml version="1.0" encoding="UTF-8"?><?xml-stylesheet type='text/xsl' href='_UpgradeReport_Files/UpgradeReport.xslt'?><UpgradeLog>
<Properties><Property Name="Solution" Value="GalleryStudio">
</Property><Property Name="Solution File" Value="E:\Docs\DVD12\139201\13920117\GalleryStudio\GalleryStudio.sln">
</Property><Property Name="User Options File" Value="E:\Docs\DVD12\139201\13920117\GalleryStudio\GalleryStudio.suo">
</Property><Property Name="Date" Value="Saturday, April 6, 2013">
</Property><Property Name="Time" Value="21:32 PM">
</Property></Properties><Event ErrorLevel="0" Project="" Source="GalleryStudio.sln" Description="File successfully backed up as E:\Docs\DVD12\139201\13920117\GalleryStudio\Backup\GalleryStudio.sln">
</Event><Event ErrorLevel="0" Project="" Source="GalleryStudio.suo" Description="File successfully backed up as E:\Docs\DVD12\139201\13920117\GalleryStudio\Backup\GalleryStudio.suo">
</Event><Event ErrorLevel="0" Project="GalleryStudio" Source="GalleryStudio.csproj" Description="Project file successfully backed up as E:\Docs\DVD12\139201\13920117\GalleryStudio\Backup\GalleryStudio.csproj">
</Event><Event ErrorLevel="0" Project="GalleryStudio" Source="GalleryStudio.csproj.user" Description="Project user file successfully backed up as E:\Docs\DVD12\139201\13920117\GalleryStudio\Backup\GalleryStudio.csproj.user">
</Event><Event ErrorLevel="0" Project="GalleryStudio" Source="CustomerMemmorry.cs" Description="File successfully backed up as E:\Docs\DVD12\139201\13920117\GalleryStudio\Backup\CustomerMemmorry.cs">
</Event><Event ErrorLevel="0" Project="GalleryStudio" Source="Customers.cs" Description="File successfully backed up as E:\Docs\DVD12\139201\13920117\GalleryStudio\Backup\Customers.cs">
</Event><Event ErrorLevel="0" Project="GalleryStudio" Source="Operator.cs" Description="File successfully backed up as E:\Docs\DVD12\139201\13920117\GalleryStudio\Backup\Operator.cs">
</Event><Event ErrorLevel="0" Project="GalleryStudio" Source="Photo.cs" Description="File successfully backed up as E:\Docs\DVD12\139201\13920117\GalleryStudio\Backup\Photo.cs">
</Event><Event ErrorLevel="0" Project="GalleryStudio" Source="PhotoMemmorry.cs" Description="File successfully backed up as E:\Docs\DVD12\139201\13920117\GalleryStudio\Backup\PhotoMemmorry.cs">
</Event><Event ErrorLevel="0" Project="GalleryStudio" Source="Program.cs" Description="File successfully backed up as E:\Docs\DVD12\139201\13920117\GalleryStudio\Backup\Program.cs">
</Event><Event ErrorLevel="0" Project="GalleryStudio" Source="TakeImage.cs" Description="File successfully backed up as E:\Docs\DVD12\139201\13920117\GalleryStudio\Backup\TakeImage.cs">
</Event><Event ErrorLevel="0" Project="GalleryStudio" Source="TakeImageMemmorry.cs" Description="File successfully backed up as E:\Docs\DVD12\139201\13920117\GalleryStudio\Backup\TakeImageMemmorry.cs">
</Event><Event ErrorLevel="0" Project="GalleryStudio" Source="GalleryStudio_TemporaryKey.pfx" Description="File successfully backed up as E:\Docs\DVD12\139201\13920117\GalleryStudio\Backup\GalleryStudio_TemporaryKey.pfx">
</Event><Event ErrorLevel="1" Project="GalleryStudio" Source="GalleryStudio.csproj" Description="Your project is targeting .NET Framework 2.0 or 3.0. If your project uses assemblies requiring a newer .NET Framework, your project will fail to build. You can change the .NET Framework version by clicking Properties on the project menu and then selecting a new version in the '.NET Framework' dropdown box. (In Visual Basic, this is located on the Compile tab by clicking the 'Advanced Compiler Options...' button.)">
</Event><Event ErrorLevel="0" Project="GalleryStudio" Source="GalleryStudio.csproj" Description="Project converted successfully">
</Event><Event ErrorLevel="3" Project="GalleryStudio" Source="GalleryStudio.csproj" Description="Converted">
</Event><Event ErrorLevel="0" Project="" Source="GalleryStudio.sln" Description="Solution converted successfully">
</Event><Event ErrorLevel="3" Project="" Source="GalleryStudio.sln" Description="Converted">
</Event><Event ErrorLevel="0" Project="GalleryStudio" Source="GalleryStudio.csproj" Description="Scan complete: Upgrade not required for project files.">
</Event></UpgradeLog>